<?xml version="1.0" encoding="UTF-8"?>
<root>
  <item name="com.tenor.android.core.constant.ContentFormat">
    <annotation name="androidx.annotation.StringDef">
      <val name="value" val="{com.tenor.android.core.constant.ContentFormats.IMAGE_GIF, com.tenor.android.core.constant.ContentFormats.IMAGE_MP4, com.tenor.android.core.constant.ContentFormats.IMAGE_JPEG, com.tenor.android.core.constant.ContentFormats.IMAGE_PNG}" />
    </annotation>
  </item>
  <item name="com.tenor.android.core.constant.ItemBadgePosition">
    <annotation name="androidx.annotation.IntDef">
      <val name="value" val="{com.tenor.android.core.constant.ItemBadgePositions.NONE, com.tenor.android.core.constant.ItemBadgePositions.INTERIOR_TOP_LEFT, com.tenor.android.core.constant.ItemBadgePositions.INTERIOR_TOP_RIGHT, com.tenor.android.core.constant.ItemBadgePositions.INTERIOR_BOTTOM_RIGHT, com.tenor.android.core.constant.ItemBadgePositions.INTERIOR_BOTTOM_LEFT, com.tenor.android.core.constant.ItemBadgePositions.EXTERIOR_TOP_LEFT, com.tenor.android.core.constant.ItemBadgePositions.EXTERIOR_TOP_RIGHT, com.tenor.android.core.constant.ItemBadgePositions.EXTERIOR_BOTTOM_RIGHT, com.tenor.android.core.constant.ItemBadgePositions.EXTERIOR_BOTTOM_LEFT}" />
    </annotation>
  </item>
  <item name="com.tenor.android.core.constant.ItemBadgePositions boolean isExterior(int) 0">
    <annotation name="androidx.annotation.IntDef">
      <val name="value" val="{com.tenor.android.core.constant.ItemBadgePositions.NONE, com.tenor.android.core.constant.ItemBadgePositions.INTERIOR_TOP_LEFT, com.tenor.android.core.constant.ItemBadgePositions.INTERIOR_TOP_RIGHT, com.tenor.android.core.constant.ItemBadgePositions.INTERIOR_BOTTOM_RIGHT, com.tenor.android.core.constant.ItemBadgePositions.INTERIOR_BOTTOM_LEFT, com.tenor.android.core.constant.ItemBadgePositions.EXTERIOR_TOP_LEFT, com.tenor.android.core.constant.ItemBadgePositions.EXTERIOR_TOP_RIGHT, com.tenor.android.core.constant.ItemBadgePositions.EXTERIOR_BOTTOM_RIGHT, com.tenor.android.core.constant.ItemBadgePositions.EXTERIOR_BOTTOM_LEFT}" />
    </annotation>
  </item>
  <item name="com.tenor.android.core.constant.ItemBadgePositions boolean isInterior(int) 0">
    <annotation name="androidx.annotation.IntDef">
      <val name="value" val="{com.tenor.android.core.constant.ItemBadgePositions.NONE, com.tenor.android.core.constant.ItemBadgePositions.INTERIOR_TOP_LEFT, com.tenor.android.core.constant.ItemBadgePositions.INTERIOR_TOP_RIGHT, com.tenor.android.core.constant.ItemBadgePositions.INTERIOR_BOTTOM_RIGHT, com.tenor.android.core.constant.ItemBadgePositions.INTERIOR_BOTTOM_LEFT, com.tenor.android.core.constant.ItemBadgePositions.EXTERIOR_TOP_LEFT, com.tenor.android.core.constant.ItemBadgePositions.EXTERIOR_TOP_RIGHT, com.tenor.android.core.constant.ItemBadgePositions.EXTERIOR_BOTTOM_RIGHT, com.tenor.android.core.constant.ItemBadgePositions.EXTERIOR_BOTTOM_LEFT}" />
    </annotation>
  </item>
  <item name="com.tenor.android.core.constant.ItemBadgePositions boolean isLeft(int) 0">
    <annotation name="androidx.annotation.IntDef">
      <val name="value" val="{com.tenor.android.core.constant.ItemBadgePositions.NONE, com.tenor.android.core.constant.ItemBadgePositions.INTERIOR_TOP_LEFT, com.tenor.android.core.constant.ItemBadgePositions.INTERIOR_TOP_RIGHT, com.tenor.android.core.constant.ItemBadgePositions.INTERIOR_BOTTOM_RIGHT, com.tenor.android.core.constant.ItemBadgePositions.INTERIOR_BOTTOM_LEFT, com.tenor.android.core.constant.ItemBadgePositions.EXTERIOR_TOP_LEFT, com.tenor.android.core.constant.ItemBadgePositions.EXTERIOR_TOP_RIGHT, com.tenor.android.core.constant.ItemBadgePositions.EXTERIOR_BOTTOM_RIGHT, com.tenor.android.core.constant.ItemBadgePositions.EXTERIOR_BOTTOM_LEFT}" />
    </annotation>
  </item>
  <item name="com.tenor.android.core.constant.ItemBadgePositions boolean isRight(int) 0">
    <annotation name="androidx.annotation.IntDef">
      <val name="value" val="{com.tenor.android.core.constant.ItemBadgePositions.NONE, com.tenor.android.core.constant.ItemBadgePositions.INTERIOR_TOP_LEFT, com.tenor.android.core.constant.ItemBadgePositions.INTERIOR_TOP_RIGHT, com.tenor.android.core.constant.ItemBadgePositions.INTERIOR_BOTTOM_RIGHT, com.tenor.android.core.constant.ItemBadgePositions.INTERIOR_BOTTOM_LEFT, com.tenor.android.core.constant.ItemBadgePositions.EXTERIOR_TOP_LEFT, com.tenor.android.core.constant.ItemBadgePositions.EXTERIOR_TOP_RIGHT, com.tenor.android.core.constant.ItemBadgePositions.EXTERIOR_BOTTOM_RIGHT, com.tenor.android.core.constant.ItemBadgePositions.EXTERIOR_BOTTOM_LEFT}" />
    </annotation>
  </item>
  <item name="com.tenor.android.core.constant.ItemBadgePositions int parse(int)">
    <annotation name="androidx.annotation.IntDef">
      <val name="value" val="{com.tenor.android.core.constant.ItemBadgePositions.NONE, com.tenor.android.core.constant.ItemBadgePositions.INTERIOR_TOP_LEFT, com.tenor.android.core.constant.ItemBadgePositions.INTERIOR_TOP_RIGHT, com.tenor.android.core.constant.ItemBadgePositions.INTERIOR_BOTTOM_RIGHT, com.tenor.android.core.constant.ItemBadgePositions.INTERIOR_BOTTOM_LEFT, com.tenor.android.core.constant.ItemBadgePositions.EXTERIOR_TOP_LEFT, com.tenor.android.core.constant.ItemBadgePositions.EXTERIOR_TOP_RIGHT, com.tenor.android.core.constant.ItemBadgePositions.EXTERIOR_BOTTOM_RIGHT, com.tenor.android.core.constant.ItemBadgePositions.EXTERIOR_BOTTOM_LEFT}" />
    </annotation>
  </item>
  <item name="com.tenor.android.core.constant.ItemVisualPosition">
    <annotation name="androidx.annotation.StringDef">
      <val name="value" val="{com.tenor.android.core.constant.ItemVisualPositions.UNKNOWN, com.tenor.android.core.constant.ItemVisualPositions.LEFT, com.tenor.android.core.constant.ItemVisualPositions.RIGHT}" />
    </annotation>
  </item>
  <item name="com.tenor.android.core.constant.ItemVisualPositions java.lang.String parse(android.content.Context, int)">
    <annotation name="androidx.annotation.StringDef">
      <val name="value" val="{com.tenor.android.core.constant.ItemVisualPositions.UNKNOWN, com.tenor.android.core.constant.ItemVisualPositions.LEFT, com.tenor.android.core.constant.ItemVisualPositions.RIGHT}" />
    </annotation>
  </item>
  <item name="com.tenor.android.core.constant.ItemVisualPositions java.lang.String parse(int, boolean)">
    <annotation name="androidx.annotation.StringDef">
      <val name="value" val="{com.tenor.android.core.constant.ItemVisualPositions.UNKNOWN, com.tenor.android.core.constant.ItemVisualPositions.LEFT, com.tenor.android.core.constant.ItemVisualPositions.RIGHT}" />
    </annotation>
  </item>
  <item name="com.tenor.android.core.constant.MediaCollectionFormat">
    <annotation name="androidx.annotation.StringDef">
      <val name="value" val="{com.tenor.android.core.constant.MediaCollectionFormats.GIF, com.tenor.android.core.constant.MediaCollectionFormats.GIF_TINY, com.tenor.android.core.constant.MediaCollectionFormats.GIF_MEDIUM, com.tenor.android.core.constant.MediaCollectionFormats.GIF_NANO, com.tenor.android.core.constant.MediaCollectionFormats.MP4, com.tenor.android.core.constant.MediaCollectionFormats.MP4_TINY, com.tenor.android.core.constant.MediaCollectionFormats.MP4_NANO, com.tenor.android.core.constant.MediaCollectionFormats.MP4_LOOPED, com.tenor.android.core.constant.MediaCollectionFormats.WEBM, com.tenor.android.core.constant.MediaCollectionFormats.WEBM_TINY, com.tenor.android.core.constant.MediaCollectionFormats.WEBM_NANO}" />
    </annotation>
  </item>
  <item name="com.tenor.android.core.constant.MediaFormat">
    <annotation name="androidx.annotation.StringDef">
      <val name="value" val="{com.tenor.android.core.constant.MediaFormats.ALL, com.tenor.android.core.constant.MediaFormats.GIF, com.tenor.android.core.constant.MediaFormats.JPEG, com.tenor.android.core.constant.MediaFormats.JPG, com.tenor.android.core.constant.MediaFormats.MP4, com.tenor.android.core.constant.MediaFormats.PNG}" />
    </annotation>
  </item>
  <item name="com.tenor.android.core.constant.ScreenDensities java.lang.String get(android.content.Context)">
    <annotation name="androidx.annotation.StringDef">
      <val name="value" val="{com.tenor.android.core.constant.ScreenDensities.UNKNOWN, com.tenor.android.core.constant.ScreenDensities.SD_075, com.tenor.android.core.constant.ScreenDensities.SD_100, com.tenor.android.core.constant.ScreenDensities.SD_150, com.tenor.android.core.constant.ScreenDensities.SD_200, com.tenor.android.core.constant.ScreenDensities.SD_300, com.tenor.android.core.constant.ScreenDensities.SD_400}" />
    </annotation>
  </item>
  <item name="com.tenor.android.core.constant.ScreenDensities java.lang.String parse(java.lang.String, java.lang.String)">
    <annotation name="androidx.annotation.StringDef">
      <val name="value" val="{com.tenor.android.core.constant.ScreenDensities.UNKNOWN, com.tenor.android.core.constant.ScreenDensities.SD_075, com.tenor.android.core.constant.ScreenDensities.SD_100, com.tenor.android.core.constant.ScreenDensities.SD_150, com.tenor.android.core.constant.ScreenDensities.SD_200, com.tenor.android.core.constant.ScreenDensities.SD_300, com.tenor.android.core.constant.ScreenDensities.SD_400}" />
    </annotation>
  </item>
  <item name="com.tenor.android.core.constant.ScreenDensities java.lang.String parse(java.lang.String, java.lang.String) 1">
    <annotation name="androidx.annotation.StringDef">
      <val name="value" val="{com.tenor.android.core.constant.ScreenDensities.UNKNOWN, com.tenor.android.core.constant.ScreenDensities.SD_075, com.tenor.android.core.constant.ScreenDensities.SD_100, com.tenor.android.core.constant.ScreenDensities.SD_150, com.tenor.android.core.constant.ScreenDensities.SD_200, com.tenor.android.core.constant.ScreenDensities.SD_300, com.tenor.android.core.constant.ScreenDensities.SD_400}" />
    </annotation>
  </item>
  <item name="com.tenor.android.core.constant.ScreenDensity">
    <annotation name="androidx.annotation.StringDef">
      <val name="value" val="{com.tenor.android.core.constant.ScreenDensities.UNKNOWN, com.tenor.android.core.constant.ScreenDensities.SD_075, com.tenor.android.core.constant.ScreenDensities.SD_100, com.tenor.android.core.constant.ScreenDensities.SD_150, com.tenor.android.core.constant.ScreenDensities.SD_200, com.tenor.android.core.constant.ScreenDensities.SD_300, com.tenor.android.core.constant.ScreenDensities.SD_400}" />
    </annotation>
  </item>
  <item name="com.tenor.android.core.constant.SupportMessenger">
    <annotation name="androidx.annotation.StringDef">
      <val name="value" val="{com.tenor.android.core.constant.SupportMessengers.NONE, com.tenor.android.core.constant.SupportMessengers.FB_MESSENGER, com.tenor.android.core.constant.SupportMessengers.WHATSAPP, com.tenor.android.core.constant.SupportMessengers.MESSAGES, com.tenor.android.core.constant.SupportMessengers.HANGOUTS, com.tenor.android.core.constant.SupportMessengers.CHOMP, com.tenor.android.core.constant.SupportMessengers.SKYPE, com.tenor.android.core.constant.SupportMessengers.EIGHT_SMS, com.tenor.android.core.constant.SupportMessengers.TWITTER, com.tenor.android.core.constant.SupportMessengers.GO_SMS, com.tenor.android.core.constant.SupportMessengers.TANGO, com.tenor.android.core.constant.SupportMessengers.KIK, com.tenor.android.core.constant.SupportMessengers.WE_CHAT, com.tenor.android.core.constant.SupportMessengers.GOOGLE_MESSENGER, com.tenor.android.core.constant.SupportMessengers.HIKE, com.tenor.android.core.constant.SupportMessengers.HTC_MESSAGES, com.tenor.android.core.constant.SupportMessengers.TELEGRAM, com.tenor.android.core.constant.SupportMessengers.HOVERCHAT, com.tenor.android.core.constant.SupportMessengers.VIBER, com.tenor.android.core.constant.SupportMessengers.KAKAO_TALK, com.tenor.android.core.constant.SupportMessengers.SLACK, com.tenor.android.core.constant.SupportMessengers.VODAFONE, com.tenor.android.core.constant.SupportMessengers.FACEBOOK, com.tenor.android.core.constant.SupportMessengers.LINE, com.tenor.android.core.constant.SupportMessengers.REDDIT, com.tenor.android.core.constant.SupportMessengers.GMAIL, com.tenor.android.core.constant.SupportMessengers.AOSP_MESSAGES}" />
    </annotation>
  </item>
  <item name="com.tenor.android.core.constant.ViewAction">
    <annotation name="androidx.annotation.StringDef">
      <val name="value" val="{com.tenor.android.core.constant.ViewActions.VIEW, com.tenor.android.core.constant.ViewActions.SHARE, com.tenor.android.core.constant.ViewActions.TAP}" />
    </annotation>
  </item>
</root>

