<?xml version="1.0" encoding="UTF-8"?>
<root>
  <item name="com.tenor.android.core.network.constant.Protocol">
    <annotation name="androidx.annotation.StringDef">
      <val name="value" val="{com.tenor.android.core.network.constant.Protocols.HTTP, com.tenor.android.core.network.constant.Protocols.HTTPS}" />
    </annotation>
  </item>
  <item name="com.tenor.android.core.network.constant.Protocols java.lang.String getOrHttps(java.lang.String)">
    <annotation name="androidx.annotation.StringDef">
      <val name="value" val="{com.tenor.android.core.network.constant.Protocols.HTTP, com.tenor.android.core.network.constant.Protocols.HTTPS}" />
    </annotation>
  </item>
</root>

