<?xml version="1.0" encoding="UTF-8"?>
<root>
  <item name="com.tenor.android.core.model.impl.ItemBadge int getPosition()">
    <annotation name="androidx.annotation.IntDef">
      <val name="value" val="{com.tenor.android.core.constant.ItemBadgePositions.NONE, com.tenor.android.core.constant.ItemBadgePositions.INTERIOR_TOP_LEFT, com.tenor.android.core.constant.ItemBadgePositions.INTERIOR_TOP_RIGHT, com.tenor.android.core.constant.ItemBadgePositions.INTERIOR_BOTTOM_RIGHT, com.tenor.android.core.constant.ItemBadgePositions.INTERIOR_BOTTOM_LEFT, com.tenor.android.core.constant.ItemBadgePositions.EXTERIOR_TOP_LEFT, com.tenor.android.core.constant.ItemBadgePositions.EXTERIOR_TOP_RIGHT, com.tenor.android.core.constant.ItemBadgePositions.EXTERIOR_BOTTOM_RIGHT, com.tenor.android.core.constant.ItemBadgePositions.EXTERIOR_BOTTOM_LEFT}" />
    </annotation>
  </item>
  <item name="com.tenor.android.core.model.impl.MediaCollection com.tenor.android.core.model.impl.Media get(java.lang.String) 0">
    <annotation name="androidx.annotation.StringDef">
      <val name="value" val="{com.tenor.android.core.constant.MediaCollectionFormats.GIF, com.tenor.android.core.constant.MediaCollectionFormats.GIF_TINY, com.tenor.android.core.constant.MediaCollectionFormats.GIF_MEDIUM, com.tenor.android.core.constant.MediaCollectionFormats.GIF_NANO, com.tenor.android.core.constant.MediaCollectionFormats.MP4, com.tenor.android.core.constant.MediaCollectionFormats.MP4_TINY, com.tenor.android.core.constant.MediaCollectionFormats.MP4_NANO, com.tenor.android.core.constant.MediaCollectionFormats.MP4_LOOPED, com.tenor.android.core.constant.MediaCollectionFormats.WEBM, com.tenor.android.core.constant.MediaCollectionFormats.WEBM_TINY, com.tenor.android.core.constant.MediaCollectionFormats.WEBM_NANO}" />
    </annotation>
  </item>
</root>

